{"count":1,"self":346.1836032,"total":369.5778435,"children":{"InitializeActuators":{"count":1,"self":0.0009994,"total":0.0009994,"children":null},"InitializeSensors":{"count":1,"self":0.0009981,"total":0.0009981,"children":null},"AgentSendState":{"count":260832,"self":0.12868949999999998,"total":0.4041047,"children":{"CollectObservations":{"count":15868,"self":0.015729899999999998,"total":0.015729899999999998,"children":null},"WriteActionMask":{"count":15868,"self":0.013516499999999999,"total":0.013516499999999999,"children":null},"RequestDecision":{"count":15868,"self":0.0518507,"total":0.2461688,"children":{"AgentInfo.ToProto":{"count":15868,"self":0.07829019999999999,"total":0.1943181,"children":{"GenerateSensorData":{"count":15868,"self":0.11602789999999999,"total":0.11602789999999999,"children":null}}}}}}},"DecideAction":{"count":260832,"self":22.789792,"total":22.7897912,"children":null},"AgentAct":{"count":260832,"self":0.1850374,"total":0.1850374,"children":null},"AgentInfo.ToProto":{"count":600,"self":0.0065153,"total":0.0108147,"children":{"GenerateSensorData":{"count":600,"self":0.0042994,"total":0.0042994,"children":null}}}},"gauges":{"FindHouse.CumulativeReward":{"count":600,"max":0.999999762,"min":-20.00004,"runningAverage":-0.367667764,"value":0.999999762,"weightedAverage":0.999999642}},"metadata":{"timer_format_version":"0.1.0","start_time_seconds":"1687792558","unity_version":"2022.3.3f1","command_line_arguments":"c:\\Users\\carlo\\Desktop\\Factored-Workshop-2D\\app\/Windows\/Factored-Workshop-2D.exe --mlagents-port 5005","communication_protocol_version":"1.5.0","com.unity.ml-agents_version":"2.0.1","scene_name":"MainScene","end_time_seconds":"1687792927"}}